source_file,token_key,token_symbol,token_address,block_number,tx_hash,log_index,user,amount_raw,amount_tokens
base_rpc_distributor_claimed_lvusdc_41932733_42533703.json,lvusdc,LVUSDC,0x98c49e13bf99d7cad8069faa2a370933ec9ecf17,41947817,0x4d3efe7e2137a9199a6fb626e7161a428393141328edec0458505946b3665f6b,662,0x77777020820b2d68144a1c37447e5bf6b1902dee,92860,0.09286
base_rpc_distributor_claimed_lvusdc_41932733_42533703.json,lvusdc,LVUSDC,0x98c49e13bf99d7cad8069faa2a370933ec9ecf17,41949222,0x70d27e1852ec504e83d64b6bb925ce0979ced39d5949ba80683922b154088398,663,0x4ee711b72b476f47a05aec5a260ba42bb564404d,40578864,40.578864
base_rpc_distributor_claimed_lvusdc_41932733_42533703.json,lvusdc,LVUSDC,0x98c49e13bf99d7cad8069faa2a370933ec9ecf17,41949608,0xf737e453edc109601b2555be91d524a443bf7cdc364c92ab9511d279cc08dbfc,492,0xa9911182421b6bad13d188914d602f7924de840e,26426711,26.426711
base_rpc_distributor_claimed_lvusdc_41932733_42533703.json,lvusdc,LVUSDC,0x98c49e13bf99d7cad8069faa2a370933ec9ecf17,41949842,0x588f6fd1b12c9d425265bc62147c01ab4a5d7ab549dfa95a6d90e26611a1cdf3,532,0xe496dc2dcfc830174f4d7d92973c13545327771a,34386956,34.386956
base_rpc_distributor_claimed_lvusdc_41932733_42533703.json,lvusdc,LVUSDC,0x98c49e13bf99d7cad8069faa2a370933ec9ecf17,41953994,0xf5dbf6da49ee77dcf9cc6ab75f89344be0f756b899f1c5d2a43207e9b6388937,943,0xc9b7411fd802bdfa055cfd469d1aecac2ac64394,5825,0.005825
base_rpc_distributor_claimed_lvusdc_41932733_42533703.json,lvusdc,LVUSDC,0x98c49e13bf99d7cad8069faa2a370933ec9ecf17,41960141,0x15dbd334f5ae16fb3d571df36d0bebaacc32261ad697b7c59df19fcfb26a6cd6,720,0x9f09502a0b68edbccdff5e6c59270ad150def363,1574913,1.574913
base_rpc_distributor_claimed_lvusdc_41932733_42533703.json,lvusdc,LVUSDC,0x98c49e13bf99d7cad8069faa2a370933ec9ecf17,41974230,0x456521276b09ba39c60668a9167acadf1ccc98a6f8e26160ac7cafda462b50ca,670,0x4a2763570edeeeb78e0174aeae6bedde6f143398,9,9e-06
base_rpc_distributor_claimed_lvusdc_41932733_42533703.json,lvusdc,LVUSDC,0x98c49e13bf99d7cad8069faa2a370933ec9ecf17,41977510,0x0260c6cf3e847f140a2905f2d59996e7d49e851e8fa66aeca53fbe625668df60,466,0x4fd2117def394e7125a75998429771934d3d498b,68672,0.068672
base_rpc_distributor_claimed_lvusdc_41932733_42533703.json,lvusdc,LVUSDC,0x98c49e13bf99d7cad8069faa2a370933ec9ecf17,41985130,0xcd32405632bac5f0600b75ab67a04ec82456a3afc7129ac9472887bd9a898d7e,328,0xc513fb4b979f1cefc43682ca7ab4a19cee1cacc2,307,0.000307
base_rpc_distributor_claimed_lvusdc_41932733_42533703.json,lvusdc,LVUSDC,0x98c49e13bf99d7cad8069faa2a370933ec9ecf17,41988696,0x6dac710d04f03c8f0f591812ad05fa8ff0a4ef17296e6cb63f3be09366c5c506,459,0xd7123df9b92f7dc8542fb8231d29ee052a8807d9,21299,0.021299
base_rpc_distributor_claimed_lvusdc_41932733_42533703.json,lvusdc,LVUSDC,0x98c49e13bf99d7cad8069faa2a370933ec9ecf17,42000774,0xc360dbdac94386b0347d51eda495cdddc320cd402ec14eb09e936cdd328081f5,1033,0xf0a391658f07e65779c7370a592675106c931277,26,2.6e-05
base_rpc_distributor_claimed_lvusdc_41932733_42533703.json,lvusdc,LVUSDC,0x98c49e13bf99d7cad8069faa2a370933ec9ecf17,42003925,0x137c56f7d8674105a917a213a45fac9531a5b00f08563ad0830c7854a3e085a2,911,0x9f09502a0b68edbccdff5e6c59270ad150def363,681802,0.681802
base_rpc_distributor_claimed_lvusdc_41932733_42533703.json,lvusdc,LVUSDC,0x98c49e13bf99d7cad8069faa2a370933ec9ecf17,42009515,0xd8bd254bcbf208aef574920fc8c34ded2cd8b1b445036fc9d2aff66a7564492a,646,0x24d016a2cd05e8a8ed253ec8d6d1ee0ee0117122,172513392,172.513392
base_rpc_distributor_claimed_lvusdc_41932733_42533703.json,lvusdc,LVUSDC,0x98c49e13bf99d7cad8069faa2a370933ec9ecf17,42011613,0x97cedb1c3bf64714ad40d291b8764e15821236f84f8ee78b10e1771962e19602,412,0x302d129011fb164d8d5fe93cd1e8795d61c4f76f,16738,0.016738
base_rpc_distributor_claimed_lvusdc_41932733_42533703.json,lvusdc,LVUSDC,0x98c49e13bf99d7cad8069faa2a370933ec9ecf17,42021519,0x4511895ab2ce75e5298d7ac55475e7ca579fd1b33618d911e3bac78068207d96,1187,0x1d6016ad973da719ff3abc4b06100ac463e152d3,12892,0.012892
base_rpc_distributor_claimed_lvusdc_41932733_42533703.json,lvusdc,LVUSDC,0x98c49e13bf99d7cad8069faa2a370933ec9ecf17,42027100,0x9cda1ea8007977c57881cd80820496d34d7b19d5145cff4fd700d1b6ab7f5969,1069,0x31a05d38759949b379b95bca5980ebc572db8c79,43,4.3e-05
base_rpc_distributor_claimed_lvusdc_41932733_42533703.json,lvusdc,LVUSDC,0x98c49e13bf99d7cad8069faa2a370933ec9ecf17,42028459,0x6b18712a82035c5d426f9cae636c1778111ccb273c6c69f96b4f39861ac446ef,419,0xa588803d26be431d4229885c22eeab669ec04297,4114794,4.114794
base_rpc_distributor_claimed_lvusdc_41932733_42533703.json,lvusdc,LVUSDC,0x98c49e13bf99d7cad8069faa2a370933ec9ecf17,42029941,0x87e935ac57a0b53293e22e707e8a56b4edfbe95dcfcfd486771b7b1a0f1f8b40,680,0x3e59d5b2a7e9e17c5f1550eaf161a4866fb4395b,2403,0.002403
base_rpc_distributor_claimed_lvusdc_41932733_42533703.json,lvusdc,LVUSDC,0x98c49e13bf99d7cad8069faa2a370933ec9ecf17,42033894,0x51a909b88dfe86b371972afcb78fe6a0aba837144ee2218e102094a1bab45193,497,0xb9ed955fc3a389229a1873f631669a40c345f5f4,1047342,1.047342
base_rpc_distributor_claimed_lvusdc_41932733_42533703.json,lvusdc,LVUSDC,0x98c49e13bf99d7cad8069faa2a370933ec9ecf17,42059201,0x3875d9a4683b695a2bc9de1650e8e81e72084c6a5b5ffec7f80f3649f3875f77,756,0xb13433136e9ead0c1e82455441a7a1a6c40b442c,465769044,465.769044
base_rpc_distributor_claimed_lvusdc_41932733_42533703.json,lvusdc,LVUSDC,0x98c49e13bf99d7cad8069faa2a370933ec9ecf17,42059879,0xa4f3a53b2a12fd8af8210cfe8623c46446a10f9d83522057500311ce7d5c20b6,1115,0x6afbdfcfff76368fa0c50d6e70ceafbb1ac21f83,3411508,3.411508
base_rpc_distributor_claimed_lvusdc_41932733_42533703.json,lvusdc,LVUSDC,0x98c49e13bf99d7cad8069faa2a370933ec9ecf17,42060008,0x960f54dd830614ff6b4aa28d89ec685d22ffc951311c9964e59b2e537408db88,284,0x38e32e78f9317da02d473fcae2c5471407ec07c7,338807,0.338807
base_rpc_distributor_claimed_lvusdc_41932733_42533703.json,lvusdc,LVUSDC,0x98c49e13bf99d7cad8069faa2a370933ec9ecf17,42060013,0x67c4151fb21ecae044a185f8d834b58e8aff45e6301941f8fc606f6282aa9de9,696,0x38e32e78f9317da02d473fcae2c5471407ec07c7,0,0.0
base_rpc_distributor_claimed_lvusdc_41932733_42533703.json,lvusdc,LVUSDC,0x98c49e13bf99d7cad8069faa2a370933ec9ecf17,42068608,0x8f7ae63b46f65e7d6b3459ce50e7741003a1b6a52af2241a0e4847c261836de5,1211,0x166247c91235e90b8514605dd73c0157b93d571b,1177211,1.177211
base_rpc_distributor_claimed_lvusdc_41932733_42533703.json,lvusdc,LVUSDC,0x98c49e13bf99d7cad8069faa2a370933ec9ecf17,42084357,0xc9aece863c7874ed8bd9be3f3839fa07e1cd63a3e66b6059bf3bebc842f0d99b,509,0xfa246b498c56d340baae3955eb7c5f751f4d1c43,1801685,1.801685
base_rpc_distributor_claimed_lvusdc_41932733_42533703.json,lvusdc,LVUSDC,0x98c49e13bf99d7cad8069faa2a370933ec9ecf17,42090109,0x04f3d997f3057a516e4eb0287dc1440b28b2d4f99070277d587924916fbccf18,720,0x4a2763570edeeeb78e0174aeae6bedde6f143398,15,1.5e-05
base_rpc_distributor_claimed_lvusdc_41932733_42533703.json,lvusdc,LVUSDC,0x98c49e13bf99d7cad8069faa2a370933ec9ecf17,42092815,0x7453271f863982210f63928beaf3e776e89d63c79f2cf021a9a5b02b9c8daabc,443,0x8e76f534f799b5c8fad227dd4812512543f51358,344697,0.344697
base_rpc_distributor_claimed_lvusdc_41932733_42533703.json,lvusdc,LVUSDC,0x98c49e13bf99d7cad8069faa2a370933ec9ecf17,42099675,0x199497b9bfaf682b50d6799a0f14eaf636ef2eea09e7db46eecc6058a8a86ca7,1569,0x647b41b745cf5e32e244e432902468c4bd89643c,100448,0.100448
base_rpc_distributor_claimed_lvusdc_41932733_42533703.json,lvusdc,LVUSDC,0x98c49e13bf99d7cad8069faa2a370933ec9ecf17,42102747,0x5e5404457509e8061f54e1f4fa66dab12bc2571c3057000d4825771a20a8388a,328,0xdda821f4eae19053aba8cb2982ad2f0ea38b5a8e,3692,0.003692
base_rpc_distributor_claimed_lvusdc_41932733_42533703.json,lvusdc,LVUSDC,0x98c49e13bf99d7cad8069faa2a370933ec9ecf17,42105956,0xb857a43991b79b0238318b49d60c74fb9f1229a161255f07d23b085754810bb0,523,0xf0a391658f07e65779c7370a592675106c931277,0,0.0
base_rpc_distributor_claimed_lvusdc_41932733_42533703.json,lvusdc,LVUSDC,0x98c49e13bf99d7cad8069faa2a370933ec9ecf17,42117811,0x1cb67572f0534fcae6c06dac5b9d9164d16f0b26969b8a6dd30a4bc1e13b934d,900,0xc9b7411fd802bdfa055cfd469d1aecac2ac64394,4892,0.004892
base_rpc_distributor_claimed_lvusdc_41932733_42533703.json,lvusdc,LVUSDC,0x98c49e13bf99d7cad8069faa2a370933ec9ecf17,42119093,0x0e4e19ea1e686cf82488a94f35771be956f67860bfe38c2e2000f25c84259bca,1273,0xf3454c486e6572a77bf101355f7b528dcc595c30,47341324,47.341324
base_rpc_distributor_claimed_lvusdc_41932733_42533703.json,lvusdc,LVUSDC,0x98c49e13bf99d7cad8069faa2a370933ec9ecf17,42119133,0x8edafd6656fc19d8c3ed0fd4d20479f0b6e4baaddb660d789a4422c96ab6fe80,145,0x5abe52fe947a67a3c92953072cc676ae104c5774,12019450,12.01945
base_rpc_distributor_claimed_lvusdc_41932733_42533703.json,lvusdc,LVUSDC,0x98c49e13bf99d7cad8069faa2a370933ec9ecf17,42129922,0x27538b6f44c4a52490f10aa608ebd5b12b9305647b6e5f7d7cb1f7e0bb2e665d,726,0x5fdce8fc1b7cb707e673f0f0a69759127932227f,5895384,5.895384
base_rpc_distributor_claimed_lvusdc_41932733_42533703.json,lvusdc,LVUSDC,0x98c49e13bf99d7cad8069faa2a370933ec9ecf17,42131271,0x435937ea77bfb2e966f495c8ea9f7afd0f8140b244a8317487e9a02c2c380ea4,69,0x5011f043be1c6a9755e5878890200e6c570afb10,1288214,1.288214
base_rpc_distributor_claimed_lvusdc_41932733_42533703.json,lvusdc,LVUSDC,0x98c49e13bf99d7cad8069faa2a370933ec9ecf17,42131338,0xd6a1fea830fdbb0bd1c229c817a4dc3f9b4d3299fb45e1bc2ffc5686f135e510,89,0x5420cfd7449ed4245936a71a761adf77bd7d0071,91304,0.091304
base_rpc_distributor_claimed_lvusdc_41932733_42533703.json,lvusdc,LVUSDC,0x98c49e13bf99d7cad8069faa2a370933ec9ecf17,42133673,0xcb664d21c60cb61011a53407b80a70e3f5bd50f8a23c054486417d2ec5baceae,72,0x9dc552a659d48c4479e2231e56a9f93161483ee8,6638,0.006638
base_rpc_distributor_claimed_lvusdc_41932733_42533703.json,lvusdc,LVUSDC,0x98c49e13bf99d7cad8069faa2a370933ec9ecf17,42142957,0x26a4c8efcdbe3b1757cda4ee47d9386537d6d1f8fd28f308d65c1efc7044edfc,970,0x9a80ec4259baf2d62ba5cdea03049f0cc53244a0,119072,0.119072
base_rpc_distributor_claimed_lvusdc_41932733_42533703.json,lvusdc,LVUSDC,0x98c49e13bf99d7cad8069faa2a370933ec9ecf17,42157076,0x27e6e8fefdd3a3bf9aec682959a8cb5d0fb2629b212a9151dfde521fb9c288a1,179,0xa78c8e485ffe510b60322c95e1e01010edff524e,201835129,201.835129
base_rpc_distributor_claimed_lvusdc_41932733_42533703.json,lvusdc,LVUSDC,0x98c49e13bf99d7cad8069faa2a370933ec9ecf17,42157309,0x5cd6fd6022c3e15d14c7ef2de9493b853ac69bc0d33e24735406ddbc37d4b78f,947,0x11fb0c3f017a208a96d9d0863e1f45f80d034d14,8925746,8.925746
base_rpc_distributor_claimed_lvusdc_41932733_42533703.json,lvusdc,LVUSDC,0x98c49e13bf99d7cad8069faa2a370933ec9ecf17,42157445,0xcdad0525d79a7542c71829771ba124f689c4633f7081f617c3de347a2b52cc01,626,0x583869d54568b681ffc72b4ae7a7920f992a3f44,1522431,1.522431
base_rpc_distributor_claimed_lvusdc_41932733_42533703.json,lvusdc,LVUSDC,0x98c49e13bf99d7cad8069faa2a370933ec9ecf17,42180200,0xf0c69008b0bb74cf309949fccdaaed804acc0c36e47d0e716c779cf766be8d22,880,0xc71c530ce7f94c809d893f7315062bd79dafae98,1342532,1.342532
base_rpc_distributor_claimed_lvusdc_41932733_42533703.json,lvusdc,LVUSDC,0x98c49e13bf99d7cad8069faa2a370933ec9ecf17,42183421,0x49fce1e614915e76f776efec17e88fed8318746845b720ba01b20ad5705b85bb,773,0x476d075e42dd0f85956964e093e3e87a69a53e86,2785881,2.785881
base_rpc_distributor_claimed_lvusdc_41932733_42533703.json,lvusdc,LVUSDC,0x98c49e13bf99d7cad8069faa2a370933ec9ecf17,42183463,0xd02c76f647a24fd89f68e9130492ce81083af7baf87d7939db9207d718825030,665,0x7b384b796293f33be4fa32cf5f4698bfa2f0233c,2445478,2.445478
base_rpc_distributor_claimed_lvusdc_41932733_42533703.json,lvusdc,LVUSDC,0x98c49e13bf99d7cad8069faa2a370933ec9ecf17,42183513,0x2bebf4d7a51d28872c8c5557247ea0850e6163c68e41dfc0f478da19ef651a44,704,0x7f4b21ce195f292cc454d168112534f0b22a2be1,22088515,22.088515
base_rpc_distributor_claimed_lvusdc_41932733_42533703.json,lvusdc,LVUSDC,0x98c49e13bf99d7cad8069faa2a370933ec9ecf17,42183564,0x2a0ba7e8d61b24a1758d3909680626ae5a68e744f45ebb0d57ee73502e6d1168,161,0xce4412645709b2b83b7a7e300cc3b2450ac344b4,5746598,5.746598
base_rpc_distributor_claimed_lvusdc_41932733_42533703.json,lvusdc,LVUSDC,0x98c49e13bf99d7cad8069faa2a370933ec9ecf17,42184610,0xc91a923c979b1fefac359999571a61e94fc09bf74144733e67df0906f9d7baf1,651,0xf2972c65f56867eca2ee41d464b3542a2d866092,93247,0.093247
base_rpc_distributor_claimed_lvusdc_41932733_42533703.json,lvusdc,LVUSDC,0x98c49e13bf99d7cad8069faa2a370933ec9ecf17,42189354,0xceb936171aae19ca557474d1f86a9264061a4e5e43334d6a68f5318962cbf11d,354,0x9833f2afd57c704f220f5c3c6aebb91417b8b072,21683,0.021683
base_rpc_distributor_claimed_lvusdc_41932733_42533703.json,lvusdc,LVUSDC,0x98c49e13bf99d7cad8069faa2a370933ec9ecf17,42198355,0xe45ec0726b90976ee54f05f6cff30920d3433cc2da40429546a58a44d5420e85,277,0xb78e34117091edd1b8363eda976a5edbada2360d,18824,0.018824
base_rpc_distributor_claimed_lvusdc_41932733_42533703.json,lvusdc,LVUSDC,0x98c49e13bf99d7cad8069faa2a370933ec9ecf17,42218219,0x999871f308dfe14c13731f07fb2ad9fcdb219d15a84f4687855452b070458ab2,913,0xc1ba166cc2c249816db1e9d543368d80095ea33f,417,0.000417
base_rpc_distributor_claimed_lvusdc_41932733_42533703.json,lvusdc,LVUSDC,0x98c49e13bf99d7cad8069faa2a370933ec9ecf17,42226581,0x5690c840a6879199fe2bed89a4f82377646e4fc68c2cec1b2228a33ed4edb48e,414,0xeee24744799ea3fdbb92c249df11af3dc17d2c12,12243173,12.243173
base_rpc_distributor_claimed_lvusdc_41932733_42533703.json,lvusdc,LVUSDC,0x98c49e13bf99d7cad8069faa2a370933ec9ecf17,42226620,0xba31dd115a88529d27d99e73e83ced7ce18f462238336a6f37caf3c6cf45c224,559,0xed5a5959a0be4f01b14d67ae091a2c9975d4dd1a,66931,0.066931
base_rpc_distributor_claimed_lvusdc_41932733_42533703.json,lvusdc,LVUSDC,0x98c49e13bf99d7cad8069faa2a370933ec9ecf17,42227483,0xddb61c52db7333b5fff828468ceedb8ad2afb9932eca48e80a7570d86435f07d,793,0xec7bdd940b9ea28ed6fbc4cd5e31511076ca040e,173056899,173.056899
base_rpc_distributor_claimed_lvusdc_41932733_42533703.json,lvusdc,LVUSDC,0x98c49e13bf99d7cad8069faa2a370933ec9ecf17,42227751,0x0b30882df729a724b5abb592d0996e60c34f17d43fc1bedecf8bb6709b7c8e08,573,0xb8fbd9a43cc0ceb3d9ddd58b752979a77e6f0c1d,2757205,2.757205
base_rpc_distributor_claimed_lvusdc_41932733_42533703.json,lvusdc,LVUSDC,0x98c49e13bf99d7cad8069faa2a370933ec9ecf17,42236361,0x5cafb8992d472ed9bf489e0a3101ec31ab1830a2e3863c508c9a27cf220fdb4b,501,0xdd9c5568d1737b1a646940c9b9d80dcf9c6ba248,10465,0.010465
base_rpc_distributor_claimed_lvusdc_41932733_42533703.json,lvusdc,LVUSDC,0x98c49e13bf99d7cad8069faa2a370933ec9ecf17,42271873,0xb5daeb72aeea91489f86565fce130f56fd6880c715fbbbfdbb4b246d3c65134d,346,0x7b2b985a0316a7eef454c96417d07c7f72567f53,199366,0.199366
base_rpc_distributor_claimed_lvusdc_41932733_42533703.json,lvusdc,LVUSDC,0x98c49e13bf99d7cad8069faa2a370933ec9ecf17,42275402,0xc36c171e3c89147c9488ca75f9c369617adbb10b2cd293de9ccf87cbecccbde2,499,0x3aeee173c7113d818002d587e11c0a70e42b731d,1795045,1.795045
base_rpc_distributor_claimed_lvusdc_41932733_42533703.json,lvusdc,LVUSDC,0x98c49e13bf99d7cad8069faa2a370933ec9ecf17,42281425,0x2a0141f6ed00a8081875f602c42f4321bb21962852e126fbeb2153147ee28413,674,0x746bb7befd31d9052bb8eba7d5dd74c9acf54c6d,3694765,3.694765
base_rpc_distributor_claimed_lvusdc_41932733_42533703.json,lvusdc,LVUSDC,0x98c49e13bf99d7cad8069faa2a370933ec9ecf17,42301705,0x032c86ad2443041fbe542ec79f5f82867c567849f9dbc6590fcd2084d1584b3d,1054,0xfc0faa8718fb0bb316a48beb3aca10306efb5bb8,1708,0.001708
base_rpc_distributor_claimed_lvusdc_41932733_42533703.json,lvusdc,LVUSDC,0x98c49e13bf99d7cad8069faa2a370933ec9ecf17,42309944,0x8dc29db2894bb5b124cb79652830fd1c379dcd3cca47cbd3d4d431df09f98d35,51,0x0b81750655493eee7a4c1f4e7e4fdb9536041720,448398929,448.398929
base_rpc_distributor_claimed_lvusdc_41932733_42533703.json,lvusdc,LVUSDC,0x98c49e13bf99d7cad8069faa2a370933ec9ecf17,42325670,0xc26ece13cfea0e230ce83bf8f375fa3b82ca4b2ff5fbfd69c36354445024532c,657,0x4fd2117def394e7125a75998429771934d3d498b,57688,0.057688
base_rpc_distributor_claimed_lvusdc_41932733_42533703.json,lvusdc,LVUSDC,0x98c49e13bf99d7cad8069faa2a370933ec9ecf17,42339008,0xc88f07a5a985d3e92cbf563ce2606d4067a5530d8b8129950c483c92fd622792,281,0x77777020820b2d68144a1c37447e5bf6b1902dee,78007,0.078007
base_rpc_distributor_claimed_lvusdc_41932733_42533703.json,lvusdc,LVUSDC,0x98c49e13bf99d7cad8069faa2a370933ec9ecf17,42346487,0xb3427cdce99808f74f6512efaee2cd9a8e7f81903b70cd56791d107c4f62107a,359,0x22b908c2fea7a1e6043ffcdbc77d660d4d326961,283411,0.283411
base_rpc_distributor_claimed_lvusdc_41932733_42533703.json,lvusdc,LVUSDC,0x98c49e13bf99d7cad8069faa2a370933ec9ecf17,42349059,0xc7a193099c2472f032a76bfe890857f203e107de014b7159f1fad655aaf97208,935,0xf0a391658f07e65779c7370a592675106c931277,0,0.0
base_rpc_distributor_claimed_lvusdc_41932733_42533703.json,lvusdc,LVUSDC,0x98c49e13bf99d7cad8069faa2a370933ec9ecf17,42355037,0x550dfa9c56b4dcd6a531caca36c2fa4ddf28714889d70d5dc0c2401ead8d0788,122,0x906cbddab9ad238bfc285604d7ea6d76e5badfe4,21313875,21.313875
base_rpc_distributor_claimed_lvusdc_41932733_42533703.json,lvusdc,LVUSDC,0x98c49e13bf99d7cad8069faa2a370933ec9ecf17,42358210,0xa2364a1565a82a0016db875afbda28f93fe10ce304e167b93f345cbb5d8167d4,745,0x01f12fb1d38156fc6d1c9a7d813bde4b52d38e47,218706,0.218706
base_rpc_distributor_claimed_lvusdc_41932733_42533703.json,lvusdc,LVUSDC,0x98c49e13bf99d7cad8069faa2a370933ec9ecf17,42395067,0x44bf6c852abbbe4d6ca8394b0e7e7acf58c1243adddd1fae7a3e29c1899abd7c,337,0xe93e606a0a718b19682fb0c78dc2972073c09d3e,106869865,106.869865
base_rpc_distributor_claimed_lvusdc_41932733_42533703.json,lvusdc,LVUSDC,0x98c49e13bf99d7cad8069faa2a370933ec9ecf17,42433033,0x2c9af8828e8ea0ef08ea1392a1389951d25fcb04322bddffa321f1af0b6bd77a,352,0x6345d8cebe906c721513debcfff6de2833a87d16,53,5.3e-05
base_rpc_distributor_claimed_lvusdc_41932733_42533703.json,lvusdc,LVUSDC,0x98c49e13bf99d7cad8069faa2a370933ec9ecf17,42454301,0x4fd22d368282d11cd4ee593e9a22aa4ac7251a3ed32ef29edc2272771738c403,52,0xd2b2a8ab7a8c903501f4db4ee45c67522a4511ed,11813184,11.813184
base_rpc_distributor_claimed_lvusdc_41932733_42533703.json,lvusdc,LVUSDC,0x98c49e13bf99d7cad8069faa2a370933ec9ecf17,42458288,0x54979d47b7dc94060df533bb958b3da86c8a52ab2fdd9cf00d6a8b63b0a45d2f,1178,0x6c2693f5a936f37ed03cfa8465bf2d8beff19a0f,26941,0.026941
base_rpc_distributor_claimed_lvusdc_41932733_42533703.json,lvusdc,LVUSDC,0x98c49e13bf99d7cad8069faa2a370933ec9ecf17,42476690,0x21a5e327e911747d885d958e566204700a6cc0f808cad09e78a3a40680c01719,877,0x800417f1244bffb037f177f9fc8fe1ca822425ba,74,7.4e-05
base_rpc_distributor_claimed_lvusdc_41932733_42533703.json,lvusdc,LVUSDC,0x98c49e13bf99d7cad8069faa2a370933ec9ecf17,42478417,0x5ce11d490fca2f81c2c4eb98bcda6487ee3e3077375ba704ac425f1998819b3d,698,0x38f046ae944021351ce5c2486dee3027c949858f,189591,0.189591
base_rpc_distributor_claimed_lvusdc_41932733_42533703.json,lvusdc,LVUSDC,0x98c49e13bf99d7cad8069faa2a370933ec9ecf17,42494522,0x6a959c76329d39aea8ca913d9bb81079dcae044705f35481def41138d49817a8,96,0x7eb4d1f3b748890d7dfcd8eae09b087454fedce9,1021657,1.021657
base_rpc_distributor_claimed_lvusdc_41932733_42533703.json,lvusdc,LVUSDC,0x98c49e13bf99d7cad8069faa2a370933ec9ecf17,42518735,0x8bb771f175b75965bd63bd5cbeffd03be7dc30b80ea48867eeac908997fd3920,1152,0x584fffda63364695006032d0364bf2eec2a0b6c5,15738,0.015738
base_rpc_distributor_claimed_lvusdc_41932733_42533703.json,lvusdc,LVUSDC,0x98c49e13bf99d7cad8069faa2a370933ec9ecf17,42522033,0x2bdedd994ab28a9a7be1832c440504f6682f7fdccc9623ad6842b5a46b9e0594,1256,0x984b744cb4f0346ee3dd8a016d817d2d7f1f8737,61026,0.061026
base_rpc_distributor_claimed_lvusdc_41932733_42628137.json,lvusdc,LVUSDC,0x98c49e13bf99d7cad8069faa2a370933ec9ecf17,42552745,0x2e3a550bbdaa66b549757b722c0eb4b016ed691bfae72f48d6b34fb1a40a2dd3,991,0x4ee711b72b476f47a05aec5a260ba42bb564404d,34088523,34.088523
base_rpc_distributor_claimed_lvusdc_41932733_42628137.json,lvusdc,LVUSDC,0x98c49e13bf99d7cad8069faa2a370933ec9ecf17,42552917,0x89e982db572ff5f095e25769703916d60e09e576e9da51d9e992b78e5b7991c5,918,0xa9911182421b6bad13d188914d602f7924de840e,22199920,22.19992
base_rpc_distributor_claimed_lvusdc_41932733_42628137.json,lvusdc,LVUSDC,0x98c49e13bf99d7cad8069faa2a370933ec9ecf17,42553000,0x91df6341ebb4ef7a27c3df8c8672b14bc747d926971b6bdab908e0c757705a2e,494,0xe496dc2dcfc830174f4d7d92973c13545327771a,28886972,28.886972
base_rpc_distributor_claimed_lvusdc_41932733_42628137.json,lvusdc,LVUSDC,0x98c49e13bf99d7cad8069faa2a370933ec9ecf17,42580607,0xc6821092a79e22dede4d76569af143dc4e7000a8052149bcdac154fd14caf160,249,0xc513fb4b979f1cefc43682ca7ab4a19cee1cacc2,33,3.3e-05
base_rpc_distributor_claimed_lvusdc_41932733_42628137.json,lvusdc,LVUSDC,0x98c49e13bf99d7cad8069faa2a370933ec9ecf17,42585628,0xb0f875c8db1c413f1917ade0029ead7d3455b8a321383adefc0e2973ee5077b5,725,0xfb91acc79fd1d9632a9d1f07e081311d3d216d7b,9170,0.00917
base_rpc_distributor_claimed_lvusdc_41932733_42628137.json,lvusdc,LVUSDC,0x98c49e13bf99d7cad8069faa2a370933ec9ecf17,42590279,0x6b235a9723f187a0184e3a7ce4b10dd26a296f43c9ea5270c81501f12cd02614,1019,0x8ea6b66e0cc397e645e44378dc6595c73326fcf5,374,0.000374
base_rpc_distributor_claimed_lvusdc_41932733_42628137.json,lvusdc,LVUSDC,0x98c49e13bf99d7cad8069faa2a370933ec9ecf17,42597151,0xcac1941b1baceed449150e5bd14847019a4f2d404e4409e122d96fda667cfb22,422,0x05c56f118b79642902ac68f4f9a5b66e4a8b22be,76607,0.076607
base_rpc_distributor_claimed_lvusdc_41932733_42628137.json,lvusdc,LVUSDC,0x98c49e13bf99d7cad8069faa2a370933ec9ecf17,42608678,0x76fc563f9f443906b020c3f3c1cce9914f9a3ac7558fe08b76f84cfc1768486a,147,0xdee517bfc5db0122e56ffdd605286f87b81b83de,26808,0.026808
base_rpc_distributor_claimed_lvusdc_41932733_42628137.json,lvusdc,LVUSDC,0x98c49e13bf99d7cad8069faa2a370933ec9ecf17,42623069,0x71cc6f1b67260d862861eeb130d63e55dc03717dc113ee7df0a3646211f52f0c,217,0x6770a1cc1d48e52f694a9b687edf73078441b256,142366,0.142366
base_rpc_distributor_claimed_lvusdc_41932733_42706144.json,lvusdc,LVUSDC,0x98c49e13bf99d7cad8069faa2a370933ec9ecf17,42632305,0x1cc63af4300fc6669805d525dc104372f0f410e466e04961a7b71467fa02fd5a,724,0xc6404f24db2f573f07f3a60758765caad198c0c3,139,0.000139
base_rpc_distributor_claimed_lvusdc_41932733_42706144.json,lvusdc,LVUSDC,0x98c49e13bf99d7cad8069faa2a370933ec9ecf17,42637037,0x2c5ed3a28310a7cf6a8db21263f9aae4b11f7b2a45356941d4d83f7c2fc7032f,18,0x0d51d069ecf91b13db666708f3e1610af79b9eed,356913,0.356913
base_rpc_distributor_claimed_lvusdc_41932733_42706144.json,lvusdc,LVUSDC,0x98c49e13bf99d7cad8069faa2a370933ec9ecf17,42656355,0x03b031ea54b52ba1ed60e4d25cf0ef6d4cb5bbfd2d5589d8a6e924102ada96d7,486,0x9c57027b1eca93093a6f446422c59c85a5a3fa52,169613,0.169613
